order,full_url,raw_domain,id,domain_src,purpose_src,company,list,purpose,used_when,identifiers_sent,other_info_sent
1,sa.apple.com/grandslam,sa.apple.com,126,original paper,,Apple,beta,,Upon first startup,"UDID,  X-Mme-Device-Id, hardware serial number",
2,https://gsa.apple.com/grandslam/MidService/startMachineProvisioning,gsa.apple.com,57,original paper,https://apple.stackexchange.com/a/240148,Apple,,Likely apple authorization,,,
3,https://lcdn-locator.apple.com/lcdn/locate,lcdn-locator.apple.com,92,original paper,original paper,Apple,,CDN locator,startup/setup process,,handset local IP address
4,https://humb.apple.com/humbug/baa,humb.apple.com,73,original paper,original paper,Apple,beta,com.apple.bluetoothd ,,handset hardware serial number and UniqueChipID,
5,https://smp-device-content.apple.com/static/region/v2/config.json,smp-device-content.apple.com,134,original paper,,Apple,beta,,,,
6,xp.apple.com/report/2/psr_ota,xp.apple.com,154,original paper,original paper,Apple,beta,telemetry,when “dont share” is selected during startup/setup,,
7,https://app-measurement.com/config/app/,app-measurement.com,15,original paper,https://stackoverflow.com/questions/54461349/how-to-decrypt-firebase-requests-to-app-measurement-com/54463682#54463690,Google,beta,google firebase analytics,,,
8,www.googleapis.com/androidantiabuse,www.googleapis.com,150,original paper,original paper,Google,,google APIs,,,
9,www.gstatic.com,www.gstatic.com,152,original paper,original paper,Google,,google static content,,,
10,app-measurement.com,app-measurement.com,15,original paper,https://stackoverflow.com/questions/54461349/how-to-decrypt-firebase-requests-to-app-measurement-com/54463682#54463690,Google,beta,google firebase analytics,,,
11,youtubei.googleapis.com/deviceregistration,youtubei.googleapis.com,155,original paper,original paper,Google,,youtube content,,,
12,android.clients.google.com/checkin,android.clients.google.com,5,original paper,,Google,,,,,
13,clients.google.com/checkin,clients.google.com,33,original paper,,Google,,,,,
14,fonts.gstatic.com,fonts.gstatic.com,47,original paper,original paper,Google,,google fonts,,,
15,play.googleapis.com,play.googleapis.com,111,original paper,original paper,Google,,google play,,,
16,play.googleapis.com/log/batch,play.googleapis.com,111,original paper,original paper,Google,,google play,,,
17,play.googleapis.com/play/log,play.googleapis.com,111,original paper,original paper,Google,,google play,,,
18,www.googleapis.com/experimentsandconfigs,www.googleapis.com,150,original paper,original paper,Google,,google APIs,,,
19,android.clients.google.com/checkin,android.clients.google.com,5,original paper,,Google,,,,,
20,https://gsas.apple.com/grandslam/GsService2/postdata,gsas.apple.com,58,original paper,https://apple.stackexchange.com/a/240158,Apple,,apple authorization,when idle,"apple advertising identifier,  hardware serial no., SIM integrated circuit identifier, IMEI, phone number, ",
21,gsp85-ssl.ls.apple.com,gsp85-ssl.ls.apple.com,67,original paper,http://gspe21.ls.apple.com/html/attribution.html,Apple,, Geod process/apple maps,when idle,,mac addresses of nearby devices
22,https://gsp57-ssl-locus.ls.apple.com/dispatcher.arpc,gsp57-ssl-locus.ls.apple.com,63,original paper,http://gspe21.ls.apple.com/html/attribution.html,Apple,, Geod process/apple maps,when idle,,mac addresses of nearby devices
23,xp.apple.com,xp.apple.com,154,original paper,original paper,Apple,beta,telemetry,Settings app is opened,,
24,https://albert.apple.com/deviceservices/activity/phoneNumberSimNotification,albert.apple.com,4,original paper,,Apple,beta,,When SIM is inserted,SIM identifiers,
25,https://gsp10-ssl.apple.com/hcy/pbcwloc,gsp10-ssl.apple.com,61,original paper,http://gspe21.ls.apple.com/html/attribution.html,Apple,, Geod process/apple maps,When location is enabled,"Lat, long, WIFI mac address of nearby devices",
26,api-glb-dub.smoot.apple.com,api-glb-dub.smoot.apple.com,9,original paper,original paper,Apple,,spotlight suggestions (see: https://apple.stackexchange.com/a/157495),When location is enabled,fuzzed/approximate lat/long,
27,android.googleapis.com/checkin,android.googleapis.com,7,original paper,,Google,,,when idle,"Carrier ID and other info, handset hardware serial number, device ID’s",
28,www.google.com/complete/search,www.google.com,148,original paper,original paper,Google,,google search,,,
29,ssl.google-analytics.com/batch,ssl.google-analytics.com,138,original paper,,Google,beta,,,,
30,android.clients.google.com,android.clients.google.com,5,original paper,,Google,,,,,
31,youtubei.googleapis.com/youtubei/v1/account,youtubei.googleapis.com,155,original paper,original paper,Google,,youtube content,,,
32,youtubei.googleapis.com/youtubei/v1/log_event,youtubei.googleapis.com,155,original paper,original paper,Google,,youtube content,,,
33,www.googleadservices.com,www.googleadservices.com,149,original paper,original paper,Google,beta,google ads,,,
34,i.ytimg.com/generate_204,i.ytimg.com,74,original paper,original paper,Google,,youtube images,,,
35,youtubei.googleapis.com/generate_204,youtubei.googleapis.com,155,original paper,original paper,Google,,youtube content,,,
36,safebrowsing.googleapis.com,safebrowsing.googleapis.com,127,original paper,,Google,,,,,
37,pdate.googleapis.com,pdate.googleapis.com,109,original paper,,Google,beta,,,,
38,growth-pa.googleapis.com/google.internal.identity.growth.v1.GrowthApiService/GetPromos - device details - no unique identifiers,growth-pa.googleapis.com,55,original paper,original paper,Google,beta,google docs and messaging apps,,none,device details
39,mobilenetworkscoring-pa.googleapis.com/v1/GetWifiQuality,mobilenetworkscoring-pa.googleapis.com,97,original paper,original paper,Google,beta,unclear,,device identifier (via the X-Client-Data header),
40,https://android.clients.google.com/fdfe/uploadDynamicConfig,android.clients.google.com,5,original paper,,Google,,,,,
41,idiagnostics.apple.com,idiagnostics.apple.com,77,original paper,original paper,Apple,beta,diagnostics,Settings app is opened,hardware serial number,
42,cf.iadsdk.apple.com/adserver/2.6/config,cf.iadsdk.apple.com,27,original paper,original paper,Apple,beta,adprivacyd process,Settings app is opened,,
43,iadsdk.apple.com/adserver/2.6/optout/optout_optin,iadsdk.apple.com,75,original paper,original paper,Apple,beta,adprivacyd process/iAd SDK,Settings app is opened,,
44,bag.itunes.apple.com,bag.itunes.apple.com,21,original paper,original paper,Apple,beta,adprivacyd process,Settings app is opened,,cookie
45,gspe35-ssl.ls.apple.com/geo_manifest/dynamic/config,gspe35-ssl.ls.apple.com,69,original paper,http://gspe21.ls.apple.com/html/attribution.html,Apple,, Geod process/apple maps,Settings app is opened,,
46,gsp-ssl.ls.apple.com/ab.arpc,gsp-ssl.ls.apple.com,59,original paper,http://gspe21.ls.apple.com/html/attribution.html,Apple,, Geod process/apple maps,Settings app is opened,"SIM mobile carrier details, among other things",
47,gsp64-ssl.ls.apple.com/hvr/v3/use,gsp64-ssl.ls.apple.com,65,original paper,http://gspe21.ls.apple.com/html/attribution.html,Apple,, Geod process/apple maps,Settings app is opened,"SIM mobile carrier details, among other things",
48,static.gc.apple.com,static.gc.apple.com,141,original paper,original paper,Apple,beta,gamed process (likely gamecenter). Possibly static assers,Settings app is opened,auth tokens linked to your device,
49,profile.gc.apple.com,profile.gc.apple.com,114,original paper,original paper,Apple,beta,gamed process (likely gamecenter),Settings app is opened,auth tokens linked to your device,
50,init.gc.apple.com,init.gc.apple.com,79,original paper,original paper,Apple,beta,gamed process (likely gamecenter),Settings app is opened,,
51,firebaseinstallations.googleapis.com,firebaseinstallations.googleapis.com,44,original paper,original paper,Google,,google firebase,,,
52,android.clients.google.com,android.clients.google.com,5,original paper,,Google,,,,,
53,pagead2.googlesyndication.com,pagead2.googlesyndication.com,104,original paper,original paper,Google,beta,google ads probably,,,
54,,init.itunes.apple.com,80,original paper,original paper,Apple,,Preferences agent,Settings app is opened,auth tokens linked to your device,
55,,play.itunes.apple.com,112,original paper,original paper,Apple,,Preferences agent,Settings app is opened,auth tokens linked to your device,
56,,smoot.apple.com,133,original paper,original paper,Apple,,Siri and search-related stuff,"Ehen idle, URL is typed in Safari,",,
57,,weather-analytics-events.apple.com,147,User-submitted – reddit,User-submitted,Apple,,,,,
58,https://mesu.apple.com/systemassets/7FEA8C96−D86C−11EA−B09C,mesu.apple.com,95,supplementary information PDF,https://documentation.meraki.com/General_Administration/Other_Topics/Blocking_or_Rate_Limiting_iOS_Updates,Apple,,apple update server,,,
59,https://www.gstatic.com/images/icons/material/apps/weather/2x/,www.gstatic.com,152,supplementary information PDF,,Google,,google static content,,,
60,http://updates−http.cdn−apple.com/2020/ios/061−44374−20200220−8,updates−http.cdn−apple.com,144,supplementary information PDF,,Apple,,updates via CDN,,,
61,https://iadsdk.apple.com/adserver/2.6/optout/optout,iadsdk.apple.com,75,supplementary information PDF,,Apple,beta,adprivacyd process/iAd SDK,,,
62,https://www.gstatic.com/matchmaker/webref/19051900/2/en−us/,www.gstatic.com,152,supplementary information PDF,,Google,,google static content,,,
63,http://updates−http.cdn−apple.com/2020/ios/061−84158−20200316−7,updates−http.cdn−apple.com,144,supplementary information PDF,,Apple,,updates via CDN,,,
64,https://caldav.icloud.com/.well−known/calendarsearchdav,caldav.icloud.com,24,supplementary information PDF,,Apple,,caldav,,,
65,https://pagead2.googlesyndication.com/pagead/gen,pagead2.googlesyndication.com,104,supplementary information PDF,,Google,beta,ads,,,
66,http://updates−http.cdn−apple.com/systemassets/7FEA8C96−D86C−11,updates−http.cdn−apple.com,144,supplementary information PDF,,Apple,,updates via CDN,,,
67,https://gsa.apple.com/auth/verify/trusteddevice/securitycode,gsa.apple.com,57,supplementary information PDF,https://apple.stackexchange.com/a/240149,Apple,,Likely apple authorization,,,
68,https://cf.iadsdk.apple.com/adserver/2.6/conﬁg,cf.iadsdk.apple.com,27,supplementary information PDF,,Apple,beta,iad ,,,
69,https://www.gstatic.com/android/keyboard/emoji/20190401132437/en,www.gstatic.com,152,supplementary information PDF,,Google,,google static content,,,
70,https://fbs.smoot.apple.com/fb?key=frigate1738&type=FeedbackV2PB,fbs.smoot.apple.com,43,supplementary information PDF,,Apple,,,,,
71,https://is4−ssl.mzstatic.com/image/thumb/Music/v4/80/bb/f0/80bbf0be,is4−ssl.mzstatic.com,88,supplementary information PDF,,Apple,,likely static content,,,
72,https://gateway.icloud.com/conﬁg,gateway.icloud.com,49,supplementary information PDF,,Apple,,,,,
73,https://api−glb−dub.smoot.apple.com/lookup,api−glb−dub.smoot.apple.com,13,supplementary information PDF,https://apple.stackexchange.com/a/157495,Apple,,spotlight suggestions,,,
74,https://is2−ssl.mzstatic.com/image/thumb/Music/v4/cf/09/e2/cf09e256,is2−ssl.mzstatic.com,86,supplementary information PDF,,Apple,,likely static content,,,
75,https://api−glb−dub.smoot.apple.com/dictionary,api−glb−dub.smoot.apple.com,13,supplementary information PDF,https://apple.stackexchange.com/a/157495,Apple,,spotlight suggestions,,,
76,https://clients1.google.com/complete/search?json=t&nolabels=t&,clients1.google.com,34,supplementary information PDF,,Google,,,,,
77,https://www.google.com/s?oe=utf−8&safe=images&gcc=ie&ctzn=,www.google.com,148,supplementary information PDF,,Google,,google search,,,
78,https://android.clients.google.com/fdfe/autoUpdate?nocache,android.clients.google.com,5,supplementary information PDF,,Google,,,,,
79,https://mobilenetworkscoring−pa.googleapis.com/v1/GetWiﬁQuality,mobilenetworkscoring−pa.googleapis.com,98,supplementary information PDF,,Google,beta,,,,
80,https://beacons.gcp.gvt2.com/domainreliability/upload−nel,beacons.gcp.gvt2.com,22,supplementary information PDF,,Google,,,,,
81,https://www.google.com/m/voice−search/up?pair=54ce9385−2849−4,www.google.com,148,supplementary information PDF,,Google,,google search,,,
82,https://www.gstatic.com/matchmaker/template,www.gstatic.com,152,supplementary information PDF,,Google,,google static content,,,
83,https://albert.apple.com/deviceservices/activity/,albert.apple.com,4,supplementary information PDF,,Apple,beta,,,,
84,https://www.gstatic.com/gpp−server/r2,www.gstatic.com,152,supplementary information PDF,,Google,,google static content,,,
85,https://ﬁrebaseinstallations.googleapis.com/v1/projects/android−safety/,ﬁrebaseinstallations.googleapis.com,45,supplementary information PDF,,Google,,,,,
86,https://sf−api−token−service.itunes.apple.com/apiToken?osVersion,sf−api−token−service.itunes.apple.com,132,supplementary information PDF,,Apple,,,,,
87,https://auditrecording−pa.googleapis.com/google.internal.api,auditrecording−pa.googleapis.com,20,supplementary information PDF,,Google,,,,,
88,https://is4−ssl.mzstatic.com/image/thumb/Music/v4/9d/70/3b/9d703b5d,is4−ssl.mzstatic.com,88,supplementary information PDF,,Apple,,likely static content,,,
89,https://www.googleapis.com/afﬁliation/v1/afﬁliation:lookup?alt=proto,www.googleapis.com,150,supplementary information PDF,,Google,,,,,
90,https://connectivitycheck.gstatic.com/generate,connectivitycheck.gstatic.com,39,supplementary information PDF,,Google,,,,,
91,https://www.gstatic.com/android−search/hotword/x,www.gstatic.com,152,supplementary information PDF,,Google,,google static content,,,
92,https://is1−ssl.mzstatic.com/image/thumb/Music/v4/f3/f8/70/f3f8709e,is1−ssl.mzstatic.com,85,supplementary information PDF,,Apple,,likely static content,,,
93,https://su.itunes.apple.com/WebObjects/MZSoftwareUpdate.woa/wa/,su.itunes.apple.com,142,supplementary information PDF,,Apple,,,,,
94,https://www.gstatic.com/icing/idd/nicknames−mapping/nicknames−,www.gstatic.com,152,supplementary information PDF,,Google,,google static content,,,
95,google-analytics.com/batch,google-analytics.com,52,supplementary information PDF,,Google,,,,,
96,https://www.google.com/m/voice−search/up?pair=4b7c99b8−d7a5−49,www.google.com,148,supplementary information PDF,,Google,,google search,,,
97,https://www.gstatic.com/android/text,www.gstatic.com,152,supplementary information PDF,,Google,,google static content,,,
98,https://android.clients.google.com/fdfe/delivery?doc=com.google.ar.core,android.clients.google.com,5,supplementary information PDF,,Google,,,,,
99,https://gstatic.com/matchmaker/template,gstatic.com,71,supplementary information PDF,,Google,,google static content,,,
100,https://api−glb−dub.smoot.apple.com/spotlight,api−glb−dub.smoot.apple.com,13,supplementary information PDF,https://apple.stackexchange.com/a/157495,Apple,,spotlight suggestions,,,
101,https://humb.apple.com/humbug/baa,humb.apple.com,73,supplementary information PDF,,Apple,beta,,,,
102,https://partiality.itunes.apple.com/WebObjects/MZPartiality.woa/wa/,partiality.itunes.apple.com,107,supplementary information PDF,,Apple,,,,,
103,https://update.googleapis.com/service/update2/json?cup2key,update.googleapis.com,143,supplementary information PDF,,Google,,,,,
104,https://pancake.apple.com/bags/maple/ios/coreaudio?version=10.89,pancake.apple.com,106,supplementary information PDF,,Apple,,,,,
105,https://gsp85−ssl.ls.apple.com/wiﬁ,gsp85−ssl.ls.apple.com,68,supplementary information PDF,http://gspe21.ls.apple.com/html/attribution.html,Apple,, Geod process/apple maps,,,
106,https://itunes.apple.com/WebObjects/MZStore.woa/wa/com.apple.jingle,itunes.apple.com,90,supplementary information PDF,,Apple,,,,,
107,https://digitalassetlinks.googleapis.com/google.digitalassetlinks.v1,digitalassetlinks.googleapis.com,41,supplementary information PDF,,Google,,,,,
108,https://r5−−−sn−q0c7rn76.gvt1.com/play−apps−download−default/,r5−−−sn−q0c7rn76.gvt1.com,123,supplementary information PDF,https://www.bleepingcomputer.com/news/security/what-are-these-suspicious-google-gvt1com-urls/,Google,,google video transcoding,,,
109,https://lh3.googleusercontent.com/,lh3.googleusercontent.com,94,supplementary information PDF,,Google,,,,,
110,https://r2−−−sn−q0cedn7s.gvt1.com/play−apps−download−default/,r2−−−sn−q0cedn7s.gvt1.com,118,supplementary information PDF,https://www.bleepingcomputer.com/news/security/what-are-these-suspicious-google-gvt1com-urls/,Google,,google video transcoding,,,
111,https://safebrowsing.googleapis.com/v4/threatListUpdates:fetch?$ct=,safebrowsing.googleapis.com:fetch?$ct=,128,supplementary information PDF,,Google,,,,,
112,https://www.googleadservices.com/pagead/conversion/1001680686/,www.googleadservices.com,149,supplementary information PDF,,Google,,google ads,,,
113,fonts.gstatic.com,fonts.gstatic.com,47,supplementary information PDF,,Google,,google fonts,,,
114,https://is2−ssl.mzstatic.com/image/thumb/Music/v4/ae/0c/e3/ae0ce355,is2−ssl.mzstatic.com,86,supplementary information PDF,,Apple,,likely static content,,,
115,https://android.clients.google.com/fdfe/earlyDelivery?doc=com.google,android.clients.google.com,5,supplementary information PDF,,Google,,,,,
116,https://www.gstatic.com/cryptauthvault/v0/cert.sig.xml,www.gstatic.com,152,supplementary information PDF,,Google,,google static content,,,
117,https://android.clients.google.com/fdfe/deviceSettings,android.clients.google.com,5,supplementary information PDF,,Google,,,,,
118,https://www.gstatic.com/android/snet/03152019−10002011.snet,www.gstatic.com,152,supplementary information PDF,,Google,,google static content,,,
119,bag.itunes.apple.com,bag.itunes.apple.com,21,supplementary information PDF,,Apple,beta,adprivacyd process,,,
120,https://gsp−ssl.ls.apple.com/ab.arpc,gsp−ssl.ls.apple.com,60,supplementary information PDF,http://gspe21.ls.apple.com/html/attribution.html,Apple,, Geod process/apple maps,,,
121,025com.google.android.gm,025com.google.android.gm,1,supplementary information PDF,,Google,,,,,
122,android.gm,android.gm,6,supplementary information PDF,,Google,,,,,
123,https://gsa.apple.com/grandslam/GsService2,gsa.apple.com,57,supplementary information PDF,https://apple.stackexchange.com/a/240150,Apple,,Likely apple authorization,,,
124,https://android.clients.google.com/c2dm/register3,android.clients.google.com,5,supplementary information PDF,,Google,,,,,
125,apple.com,apple.com,17,supplementary information PDF,,Apple,,,,,
126,https://lcdn−locator.apple.com/lcdn/locate,lcdn−locator.apple.com,93,supplementary information PDF,,Apple,,,,,
127,https://conﬁguration.apple.com/conﬁgurations/internetservices/bt/bcwv,conﬁguration.apple.com,37,supplementary information PDF,,Apple,,,,,
128,https://r3−−−sn−q0c7rn76.gvt1.com/play−apps−download−default/,r3−−−sn−q0c7rn76.gvt1.com,119,supplementary information PDF,https://www.bleepingcomputer.com/news/security/what-are-these-suspicious-google-gvt1com-urls/,Google,,google video transcoding,,,
129,https://api−glb−dub.smoot.apple.com/autoﬁll,api−glb−dub.smoot.apple.com,13,supplementary information PDF,https://apple.stackexchange.com/a/157495,Apple,,spotlight suggestions,,,
130,https://xp.apple.com/register,xp.apple.com,154,supplementary information PDF,,Apple,beta,telemetry,,,
131,https://dl.google.com/vision/1/creditcard/params,dl.google.com,42,supplementary information PDF,,Google,,,,,
132,https://growth−pa.googleapis.com/google.internal.identity.growth.v1,growth−pa.googleapis.com,56,supplementary information PDF,,Google,beta,,,,
133,https://app−measurement.com/conﬁg/app/1%3A327451421140%3,app−measurement.com,16,supplementary information PDF,https://stackoverflow.com/questions/54461349/how-to-decrypt-firebase-requests-to-app-measurement-com/54463682#54463692,Google,beta,google firebase analytics,,,
134,https://ﬁrebaseinstallations.googleapis.com/v1/projects/google.com,ﬁrebaseinstallations.googleapis.com,45,supplementary information PDF,,Google,,,,,
135,app-measurement.com,app-measurement.com,15,supplementary information PDF,https://stackoverflow.com/questions/54461349/how-to-decrypt-firebase-requests-to-app-measurement-com/54463682#54463691,Google,beta,google firebase analytics,,,
136,https://clients1.google.com/complete/search?json=t&nolabels=t&client=,clients1.google.com,34,supplementary information PDF,,Google,,,,,
137,https://is1−ssl.mzstatic.com/image/thumb/Features114/v4/13/90/8e,is1−ssl.mzstatic.com,85,supplementary information PDF,,Apple,,likely static content,,,
138,www.gstatic.com/android/,www.gstatic.com,152,supplementary information PDF,,Google,,google static content,,,
139,https://www.google.com/generate,www.google.com,148,supplementary information PDF,,Google,,google search,,,
140,https://www.google.com/tools/feedback/mobile/escalation−options−,www.google.com,148,supplementary information PDF,,Google,,google search,,,
142,https://iphone−ld.apple.com/lto/7day/v5/latest/lto2.dat,iphone−ld.apple.com,84,supplementary information PDF,,Apple,beta,phone id,,,
143,https://www.google.com/m/voice−search/up?pair=a1475369−20dd−42,www.google.com,148,supplementary information PDF,,Google,,google search,,,
144,https://is1−ssl.mzstatic.com/image/thumb/Purple124/v4/a9/63/9a/,is1−ssl.mzstatic.com,85,supplementary information PDF,,Apple,,likely static content,,,
145,gsa.apple.com/grandslam,gsa.apple.com,57,supplementary information PDF,https://apple.stackexchange.com/a/240151,Apple,,Likely apple authorization,,,
146,https://dl.google.com/dl/android/voice/en−us/v306/en−US−v306−f28,dl.google.com,42,supplementary information PDF,,Google,,,,,
147,https://gspe35−ssl.ls.apple.com/geo,gspe35−ssl.ls.apple.com,70,supplementary information PDF,http://gspe21.ls.apple.com/html/attribution.html,Apple,, Geod process/apple maps,,,
148,http://init−p01md.apple.com/bag,init−p01md.apple.com,82,supplementary information PDF,,Apple,,,,,
149,https://www.gstatic.com/android/keyboard/dictionarypack/Wheelharp−,www.gstatic.com,152,supplementary information PDF,,Google,,google static content,,,
150,https://app−measurement.com/conﬁg/app/1%3A286455739530%3,app−measurement.com,16,supplementary information PDF,https://stackoverflow.com/questions/54461349/how-to-decrypt-firebase-requests-to-app-measurement-com/54463682#54463693,Google,beta,google firebase analytics,,,
151,https://android.clients.google.com/fdfe/selfUpdate?ex=1&susp=,android.clients.google.com,5,supplementary information PDF,,Google,,,,,
152,https://p28−buy.itunes.apple.com/WebObjects/MZFinance.woa/wa/,p28−buy.itunes.apple.com,103,supplementary information PDF,,Apple,,,,,
154,https://play.itunes.apple.com/WebObjects/MZPlay.woa/wa/,play.itunes.apple.com,112,supplementary information PDF,,Apple,,,,,
155,https://android.googleapis.com/auth/devicekey,android.googleapis.com,7,supplementary information PDF,,Google,,,,,
156,https://pd.itunes.apple.com/WebObjects/MZPurchaseDaap.woa/,pd.itunes.apple.com,108,supplementary information PDF,,Apple,,,,,
157,https://is5−ssl.mzstatic.com/image/thumb/Music/v4/35/81/f1/3581f178,is5−ssl.mzstatic.com,89,supplementary information PDF,,Apple,,likely static content,,,
159,http://updates−http.cdn−apple.com/2020/ios/061−44375−20200220−8,updates−http.cdn−apple.com,144,supplementary information PDF,,Apple,,updates via CDN,,,
160,https://api−glb−dub.smoot.apple.com/,api−glb−dub.smoot.apple.com,13,supplementary information PDF,https://apple.stackexchange.com/a/157495,Apple,,spotlight suggestions,,,
161,https://developers.google.com/ads-data-hub/guides/rdid-matching,developers.google.com,40,supplementary information PDF,,Google,,,,,
162,https://static.gc.apple.com/sap/setup.crt,static.gc.apple.com,141,supplementary information PDF,,Apple,beta,gamed process (likely gamecenter). Possibly static assers,,,
163,https://app−measurement.com/conﬁg/app/1%3A357317899610%3,app−measurement.com,16,supplementary information PDF,https://stackoverflow.com/questions/54461349/how-to-decrypt-firebase-requests-to-app-measurement-com/54463682#54463694,Google,beta,google firebase analytics,,,
164,https://android.clients.google.com/fdfe/uploadDeviceConﬁg,android.clients.google.com,5,supplementary information PDF,,Google,,,,,
165,https://gsa.apple.com/grandslam/MidService/startMachineProvisioning,gsa.apple.com,57,supplementary information PDF,https://apple.stackexchange.com/a/240152,Apple,,Likely apple authorization,,,
166,https://r5−−−sn−q0cedn7s.gvt1.com/play−apps−download−default/,r5−−−sn−q0cedn7s.gvt1.com,124,supplementary information PDF,https://www.bleepingcomputer.com/news/security/what-are-these-suspicious-google-gvt1com-urls/,Google,,google video transcoding,,,
167,https://android.clients.google.com/fdfe/accountSync,android.clients.google.com,5,supplementary information PDF,,Google,,,,,
168,https://gstatic.com/webref−ondevice/aiai/20111701/2/en−us/,gstatic.com,71,supplementary information PDF,,Google,,google static content,,,
169,https://android.clients.google.com/fdfe/preloads?doc=android,android.clients.google.com,5,supplementary information PDF,,Google,,,,,
170,growth-pa.googleapis.com/google.internal.identity,growth-pa.googleapis.com,55,supplementary information PDF,,Google,beta,,,,
171,https://setup.icloud.com/conﬁgurations/init?context=buddy,setup.icloud.com,131,supplementary information PDF,,Apple,,possibly icloud setup,,,
172,https://is2−ssl.mzstatic.com/image/thumb/Music/v4/e5/b9/db/e5b9dbf6,is2−ssl.mzstatic.com,86,supplementary information PDF,,Apple,,likely static content,,,
173,https://is5−ssl.mzstatic.com/image/thumb/Music/v4/53/e8/52/53e8525b,is5−ssl.mzstatic.com,89,supplementary information PDF,,Apple,,likely static content,,,
174,https://beacons.gvt2.com/domainreliability/upload−nel,beacons.gvt2.com,23,supplementary information PDF,,Google,,,,,
175,https://smp−device−content.apple.com/static/region/v2/conﬁg.json,smp−device−content.apple.com,135,supplementary information PDF,,Apple,,,,,
176,apple.com/DTDs/PropertyList−1.0.dtd,apple.com,17,supplementary information PDF,,Apple,,,,,
177,https://proﬁle.gc.apple.com/WebObjects/GKProﬁleService.woa/wa/,proﬁle.gc.apple.com,115,supplementary information PDF,,Apple,beta,,,,
178,https://api−edge.apps.apple.com/v1/editorial/ie/editorial−items?ids,api−edge.apps.apple.com,12,supplementary information PDF,,Apple,,,,,
179,https://upp.itunes.apple.com/WebObjects/MZBookkeeper.woa/wa/sync,upp.itunes.apple.com,145,supplementary information PDF,,Apple,,,,,
180,https://youtubei.googleapis.com/generate,youtubei.googleapis.com,155,supplementary information PDF,,Google,,youtube content,,,
181,https://api.smoot.apple.com/bag?cc=IE&esl=en−GB&key=,api.smoot.apple.com,11,supplementary information PDF,https://apple.stackexchange.com/a/157495,Apple,,spotlight suggestions,,,
182,http://ocsp.apple.com/ocsp03−asi2ca02/,ocsp.apple.com,99,supplementary information PDF,,Apple,,OCSP (certificate verification),,,
183,apple.com/geo,apple.com,17,supplementary information PDF,,Apple,,,,,
184,https://valid.apple.com/g3/v124,valid.apple.com,146,supplementary information PDF,,Apple,,,,,
185,https://fonts.gstatic.com/s/a/,fonts.gstatic.com,47,supplementary information PDF,,Google,,google fonts,,,
186,https://play.googleapis.com/download/by−token/download?token=,play.googleapis.com,111,supplementary information PDF,,Google,,google play,,,
187,https://www.google.com/m/voice−search/down?pair=54ce9385,www.google.com,148,supplementary information PDF,,Google,,google search,,,
188,https://gateway.icloud.com/enservice/v1/conﬁg,gateway.icloud.com,49,supplementary information PDF,,Apple,,,,,
189,https://s.mzstatic.com/sap/setupCert.plist,s.mzstatic.com,125,supplementary information PDF,,Apple,,,,,
190,https://gsp10−ssl.apple.com/hvr/trc,gsp10−ssl.apple.com,62,supplementary information PDF,http://gspe21.ls.apple.com/html/attribution.html,Apple,, Geod process/apple maps,,,
191,https://android.clients.google.com/fdfe/accountSync?nocache,android.clients.google.com,5,supplementary information PDF,,Google,,,,,
192,https://setup.icloud.com/setup/family/v2/getFamilyDetails,setup.icloud.com,131,supplementary information PDF,,Apple,,possibly icloud setup,,,
193,https://cl3.apple.com/3/v2/cldavl.avl.gz,cl3.apple.com,28,supplementary information PDF,,Apple,,,,,
194,https://youtubei.googleapis.com/youtubei/v1/account/get,youtubei.googleapis.com,155,supplementary information PDF,,Google,,youtube content,,,
195,https://is1−ssl.mzstatic.com/image/thumb/Purple114/v4/5b/2f/b5/5,is1−ssl.mzstatic.com,85,supplementary information PDF,,Apple,,likely static content,,,
196,https://dl.google.com/vision/1700/ocr/ocr,dl.google.com,42,supplementary information PDF,,Google,,,,,
197,https://apps.mzstatic.com/content/appstore−ios−13/,apps.mzstatic.com,19,supplementary information PDF,,Apple,,,,,
198,https://www.google.com/async/ddljson?async=,www.google.com,148,supplementary information PDF,,Google,,google search,,,
199,https://r4−−−sn−q0c7rn76.gvt1.com/play−apps−download−default/,r4−−−sn−q0c7rn76.gvt1.com,121,supplementary information PDF,https://www.bleepingcomputer.com/news/security/what-are-these-suspicious-google-gvt1com-urls/,Google,,google video transcoding,,,
200,https://proﬁle.ess.apple.com/WebObjects/VCProﬁleService.woa/wa/,proﬁle.ess.apple.com,113,supplementary information PDF,,Apple,,,,,
201,https://valid.apple.com/g3/v145,valid.apple.com,146,supplementary information PDF,,Apple,,,,,
202,https://help.apple.com/ios/tips/13/iphone/en/Art/C,help.apple.com,72,supplementary information PDF,,Apple,,,,,
203,http://ocsp.apple.com/ocsp03−asica401/ME4wTKADAgEAMEUwQz,ocsp.apple.com,99,supplementary information PDF,,Apple,,OCSP (certificate verification),,,
204,http://ocsp.apple.com/ocsp03−asi2ca02/ME4wTKADAgEAMEUwQz,ocsp.apple.com,99,supplementary information PDF,,Apple,,OCSP (certificate verification),,,
205,https://android.clients.google.com/fdfe/moduleDelivery,android.clients.google.com,5,supplementary information PDF,,Google,,,,,
206,www.googleapis.com,www.googleapis.com,150,supplementary information PDF,,Google,,google APIs,,,
207,https://www.google.com/m/voice−search/down?pair=15d47f68−b234,www.google.com,148,supplementary information PDF,,Google,,google search,,,
208,gstatic.com,gstatic.com,71,supplementary information PDF,,Google,,google static content,,,
209,http://static.ess.apple.com/identity/validation/cert−1.0.plist,static.ess.apple.com,140,supplementary information PDF,,Apple,,,,,
210,https://play.googleapis.com/log/batch,play.googleapis.com,111,supplementary information PDF,,Google,,google play,,,
211,android.clients.google.com/,android.clients.google.com,5,supplementary information PDF,,Google,,,,,
212,https://www.google.com/m/voice−search/down?pair=a1475369−20dd,www.google.com,148,supplementary information PDF,,Google,,google search,,,
213,pdate.googleapis.com,pdate.googleapis.com,109,supplementary information PDF,,Google,beta,,,,
214,https://ota.googlezip.net/packages/ota−api/google,ota.googlezip.net,100,supplementary information PDF,,Google,,,,,
215,https://www.googleapis.com/android,www.googleapis.com,150,supplementary information PDF,,Google,,google APIs,,,
216,api-glb-dub.smoot.apple.com,api-glb-dub.smoot.apple.com,9,supplementary information PDF,https://apple.stackexchange.com/a/157495,Apple,,spotlight suggestions,,,
217,https://accounts.google.com/ListAccounts?gpsia=1&source=,accounts.google.com,2,supplementary information PDF,,Google,,,,,
218,https://android.clients.google.com/fdfe/delivery?doc=android,android.clients.google.com,5,supplementary information PDF,,Google,,,,,
219,android.googleapis.com/checkin,android.googleapis.com,7,supplementary information PDF,,Google,,,,,
220,http://updates−http.cdn−apple.com/2019/ios/061−66572−20200102−,updates−http.cdn−apple.com,144,supplementary information PDF,,Apple,,updates via CDN,,,
221,pagead2.googlesyndication.com,pagead2.googlesyndication.com,104,supplementary information PDF,,Google,beta,,,,
222,https://pai.googlezip.net/download/by−token/download?token=,pai.googlezip.net,105,supplementary information PDF,,Google,,,,,
223,gsp64-ssl.ls.apple.com/hvr/v3/use,gsp64-ssl.ls.apple.com,65,supplementary information PDF,http://gspe21.ls.apple.com/html/attribution.html,Apple,, Geod process/apple maps,,,
224,https://fonts.gstatic.com/s/a/94e0c6a9...71e806a1d64.ttf,fonts.gstatic.com,47,supplementary information PDF,,Google,,google fonts,,,
225,http://updates−http.cdn−apple.com/2020/ios/061−73026−20200124−,updates−http.cdn−apple.com,144,supplementary information PDF,,Apple,,updates via CDN,,,
226,iadsdk.apple.com/,iadsdk.apple.com,75,supplementary information PDF,,Apple,beta,adprivacyd process/iAd SDK,,,
227,http://init.ess.apple.com/WebObjects/VCInit.woa/wa/getBag?ix=3,init.ess.apple.com,78,supplementary information PDF,,Apple,,,,,
228,play.itunes.apple.com,play.itunes.apple.com,112,supplementary information PDF,,Apple,,,,,
229,https://android.clients.google.com/checkin,android.clients.google.com,5,supplementary information PDF,,Google,,,,,
230,play.googleapis.com,play.googleapis.com,111,supplementary information PDF,,Google,,google play,,,
231,http://updates−http.cdn−apple.com/2019/ios/061−17262−20191017−,updates−http.cdn−apple.com,144,supplementary information PDF,,Apple,,updates via CDN,,,
232,https://gsa.apple.com/grandslam/GsService2/fetchAuthMode,gsa.apple.com,57,supplementary information PDF,https://apple.stackexchange.com/a/240153,Apple,,Likely apple authorization,,,
233,su.itunes.apple.com,su.itunes.apple.com,142,supplementary information PDF,,Apple,,,,,
234,youtubei.googleapis.com/generate,youtubei.googleapis.com,155,supplementary information PDF,,Google,,youtube content,,,
235,https://ﬁrebaseinstallations.googleapis.com/v1/projects/android.com,ﬁrebaseinstallations.googleapis.com,45,supplementary information PDF,,Google,,,,,
236,https://api.apple−cloudkit.com/database/1/com.apple.trial/production/,api.apple−cloudkit.com,10,supplementary information PDF,,Apple,,,,,
237,https://ﬁrebaseinstallations.googleapis.com/v1/projects/google.com:api,ﬁrebaseinstallations.googleapis.com:api,46,supplementary information PDF,,Google,,,,,
238,https://ssl.google−analytics.com/batch,ssl.google−analytics.com,139,supplementary information PDF,,Google,beta,,,,
239,android.clients.google.com/fdfe/,android.clients.google.com,5,supplementary information PDF,,Google,,,,,
240,https://gsas.apple.com/grandslam/GsService2/postdata,gsas.apple.com,58,supplementary information PDF,https://apple.stackexchange.com/a/240159,Apple,,apple authorization,,,
241,https://youtubei.googleapis.com/youtubei/v1/browse?key=,youtubei.googleapis.com,155,supplementary information PDF,,Google,,youtube content,,,
242,android.clients.google.com/checkin,android.clients.google.com,5,supplementary information PDF,,Google,,,,,
243,https://app−measurement.com/conﬁg/app/1%3A493454522602%3,app−measurement.com,16,supplementary information PDF,https://stackoverflow.com/questions/54461349/how-to-decrypt-firebase-requests-to-app-measurement-com/54463682#54463695,Google,beta,google firebase analytics,,,
244,https://android.clients.google.com/fdfe/delivery?doc=com.google,android.clients.google.com,5,supplementary information PDF,,Google,,,,,
245,android.clients.google.com,android.clients.google.com,5,supplementary information PDF,,Google,,,,,
246,https://init.push.apple.com/bag?v=1&c=WiFi,init.push.apple.com,81,supplementary information PDF,,Apple,,initialize push notifications?,,,
247,https://phonedeviceveriﬁcation−pa.googleapis.com/google.internal,phonedeviceveriﬁcation−pa.googleapis.com,110,supplementary information PDF,,Google,,,,,
248,xp.apple.com,xp.apple.com,154,supplementary information PDF,,Apple,beta,telemetry,,,
249,i.ytimg.com/generate,i.ytimg.com,74,supplementary information PDF,,Google,,youtube images,,,
250,https://www.gstatic.com/android/keyboard/modelpack/emoji,www.gstatic.com,152,supplementary information PDF,,Google,,google static content,,,
251,gc.apple.com,gc.apple.com,50,supplementary information PDF,,Apple,,,,,
252,mesu.apple.com,mesu.apple.com,95,supplementary information PDF,,Apple,,apple update server,,,
253,https://www.googleapis.com/androidantiabuse/v1/x/create,www.googleapis.com,150,supplementary information PDF,,Google,,google APIs,,,
254,https://pd.itunes.apple.com/WebObjects/MZPurchaseDaap.woa/iap/,pd.itunes.apple.com,108,supplementary information PDF,,Apple,,,,,
255,https://se2.itunes.apple.com/WebObjects/MZStoreElements2.woa/wa/,se2.itunes.apple.com,130,supplementary information PDF,,Apple,,,,,
256,googleapis.com/experimentsandconﬁgs/v1/getExperimentsAndConﬁgs?r=6,googleapis.com,54,supplementary information PDF,,Google,,,,,
257,idiagnostics.apple.com,idiagnostics.apple.com,77,supplementary information PDF,,Apple,beta,diagnostics,,,
258,https://api−glb−dub.smoot.apple.com/qi,api−glb−dub.smoot.apple.com,13,supplementary information PDF,https://apple.stackexchange.com/a/157495,Apple,,spotlight suggestions,,,
260,https://gsp57−ssl−locus.ls.apple.com/dispatcher.arpc,gsp57−ssl−locus.ls.apple.com,64,supplementary information PDF,http://gspe21.ls.apple.com/html/attribution.html,Apple,, Geod process/apple maps,,,
261,developers.google.com/ads-data-hub/guides/rdid-matching,developers.google.com,40,supplementary information PDF,,Google,,,,,
262,https://gstatic.com/matchmaker/webref/19051900/2/en−us/,gstatic.com,71,supplementary information PDF,,Google,,google static content,,,
263,iadsdk.apple.com/adserver/2.6/conﬁg,iadsdk.apple.com,75,supplementary information PDF,,Apple,beta,adprivacyd process/iAd SDK,,,
264,https://conﬁguration.apple.com/conﬁgurations/internetservices/cloudkit/,conﬁguration.apple.com,37,supplementary information PDF,,Apple,,,,,
265,https://play.googleapis.com/play/log/timestamp,play.googleapis.com,111,supplementary information PDF,,Google,,google play,,,
266,https://android.clients.google.com/fdfe/uploadDynamicConﬁg,android.clients.google.com,5,supplementary information PDF,,Google,,,,,
267,client-api.itunes.apple.com,client-api.itunes.apple.com,31,supplementary information PDF,,Apple,,,,,
268,https://gsp64−ssl.ls.apple.com/hvr/v3/use,gsp64−ssl.ls.apple.com,66,supplementary information PDF,http://gspe21.ls.apple.com/html/attribution.html,Apple,, Geod process/apple maps,,,
269,https://www.gstatic.com/messages/smarts/smart,www.gstatic.com,152,supplementary information PDF,,Google,,google static content,,,
270,https://gateway.icloud.com/conﬁguration/conﬁgurations/internetservices,gateway.icloud.com,49,supplementary information PDF,,Apple,,,,,
271,https://fonts.gstatic.com/s/a/directory014.pb,fonts.gstatic.com,47,supplementary information PDF,,Google,,google fonts,,,
272,https://xp.apple.com/report/2/xp,xp.apple.com,154,supplementary information PDF,,Apple,beta,telemetry,,,
273,www.googleadservices.com,www.googleadservices.com,149,supplementary information PDF,,Google,,google ads,,,
274,https://cdsassets.apple.com/library/APPLE/asset/ndoV2.plist,cdsassets.apple.com,26,supplementary information PDF,,Apple,,,,,
275,accounts.google.com,accounts.google.com,2,supplementary information PDF,,Google,,,,,
276,https://gsa.apple.com/grandslam/GsService2/lookup,gsa.apple.com,57,supplementary information PDF,https://apple.stackexchange.com/a/240154,Apple,,Likely apple authorization,,,
277,https://r2−−−sn−q0c7rn76.gvt1.com/play−apps−download−default/,r2−−−sn−q0c7rn76.gvt1.com,117,supplementary information PDF,https://www.bleepingcomputer.com/news/security/what-are-these-suspicious-google-gvt1com-urls/,Google,,google video transcoding,,,
278,https://xp.apple.com/report/2/psr,xp.apple.com,154,supplementary information PDF,,Apple,beta,telemetry,,,
279,https://api−glb−dub.smoot.apple.com/static,api−glb−dub.smoot.apple.com,13,supplementary information PDF,https://apple.stackexchange.com/a/157495,Apple,,spotlight suggestions,,,
280,https://gsa.apple.com/grandslam/MidService/,gsa.apple.com,57,supplementary information PDF,https://apple.stackexchange.com/a/240155,Apple,,Likely apple authorization,,,
281,https://gdmf.apple.com/v2/assets,gdmf.apple.com,51,supplementary information PDF,,Apple,,,,,
282,https://android.clients.google.com/fdfe/selfUpdate?ex=1,android.clients.google.com,5,supplementary information PDF,,Google,,,,,
283,https://cl5.apple.com/1/143449/v1/143/173/1430000,cl5.apple.com,30,supplementary information PDF,,Apple,,,,,
284,https://mesu.apple.com/assets/,mesu.apple.com,95,supplementary information PDF,,Apple,,apple update server,,,
285,googleapis.com/androidantiabuse,googleapis.com,54,supplementary information PDF,,Google,,,,,
286,https://client−api.itunes.apple.com/WebObjects/MZStorePlatform.woa/,client−api.itunes.apple.com,32,supplementary information PDF,,Apple,,,,,
287,https://android.clients.google.com,android.clients.google.com,5,supplementary information PDF,,Google,,,,,
288,https://init.itunes.apple.com/bag.xml?ix=5,init.itunes.apple.com,80,supplementary information PDF,,Apple,,,,,
289,https://init.itunes.apple.com/bag.xml?ix=6&os=13&locale=en,init.itunes.apple.com,80,supplementary information PDF,,Apple,,,,,
290,http://ocsp.apple.com/ocsp03−applerootcag3/,ocsp.apple.com,99,supplementary information PDF,,Apple,,OCSP (certificate verification),,,
291,https://api−glb−dub.smoot.apple.com/installed,api−glb−dub.smoot.apple.com,13,supplementary information PDF,https://apple.stackexchange.com/a/157495,Apple,,spotlight suggestions,,,
292,https://clientservices.googleapis.com/chrome−variations/seed?osname=,clientservices.googleapis.com,35,supplementary information PDF,,Google,,,,,
293,http://ocsp.apple.com/ocsp03−asica401/,ocsp.apple.com,99,supplementary information PDF,,Apple,,OCSP (certificate verification),,,
294,http://connectivitycheck.gstatic.com/generate,connectivitycheck.gstatic.com,39,supplementary information PDF,,Google,,,,,
295,https://www.google.com/m/voice−search/up?pair=15d47f68−b234−4,www.google.com,148,supplementary information PDF,,Google,,google search,,,
296,https://www.googleapis.com/androidantiabuse/v1/x/create?alt=PROTO,www.googleapis.com,150,supplementary information PDF,,Google,,google APIs,,,
298,https://is2−ssl.mzstatic.com/image/thumb/Music/v4/27/a6/ff/27a6ff4b−,is2−ssl.mzstatic.com,86,supplementary information PDF,,Apple,,likely static content,,,
299,https://android.googleapis.com/checkin,android.googleapis.com,7,supplementary information PDF,,Google,,,,,
300,iadsdk.apple.com,iadsdk.apple.com,75,supplementary information PDF,,Apple,beta,adprivacyd process/iAd SDK,,,
301,https://itunes.com/version,itunes.com,91,supplementary information PDF,,Apple,,,,,
302,http://updates−http.cdn−apple.com/2019/ios/061−31438−20191017−,updates−http.cdn−apple.com,144,supplementary information PDF,,Apple,,updates via CDN,,,
303,https://apps.mzstatic.com/content/,apps.mzstatic.com,19,supplementary information PDF,,Apple,,,,,
304,https://www.google.com/m/voice−search/down?pair=4b7c99b8−d7a5,www.google.com,148,supplementary information PDF,,Google,,google search,,,
305,https://r3−−−sn−q0cedn7s.gvt1.com/play−apps−download−default/,r3−−−sn−q0cedn7s.gvt1.com,120,supplementary information PDF,https://www.bleepingcomputer.com/news/security/what-are-these-suspicious-google-gvt1com-urls/,Google,,google video transcoding,,,
306,https://app−measurement.com/conﬁg/app/1%3A1086610230652%3,app−measurement.com,16,supplementary information PDF,https://stackoverflow.com/questions/54461349/how-to-decrypt-firebase-requests-to-app-measurement-com/54463682#54463696,Google,beta,google firebase analytics,,,
307,play.googleapis.com/log/batch,play.googleapis.com,111,supplementary information PDF,,Google,,google play,,,
308,https://afwprovisioning−pa.googleapis.com/v1/,afwprovisioning−pa.googleapis.com,3,supplementary information PDF,,Google,,,,,
309,https://setup.icloud.com/setup/iosbuddy/ui/genericTermsUI,setup.icloud.com,131,supplementary information PDF,,Apple,,possibly icloud setup,,,
310,https://www.googleapis.com/usercontext/v1/controllerhub/getconﬁg,www.googleapis.com,150,supplementary information PDF,,Google,,google APIs,,,
311,https://youtubei.googleapis.com/youtubei/v1/log,youtubei.googleapis.com,155,supplementary information PDF,,Google,,youtube content,,,
312,api2.smoot.apple.com/search,api2.smoot.apple.com,14,supplementary information PDF,https://apple.stackexchange.com/a/157495,Apple,,,,,
313,https://gsp10−ssl.apple.com/hcy/pbcwloc,gsp10−ssl.apple.com,62,supplementary information PDF,http://gspe21.ls.apple.com/html/attribution.html,Apple,, Geod process/apple maps,,,
314,https://www.googleapis.com/androidcheck/v1/attestations/adAttest?key,www.googleapis.com,150,supplementary information PDF,,Google,,google APIs,,,
315,https://youtubei.googleapis.com/deviceregistration/v1/devices?key=,youtubei.googleapis.com,155,supplementary information PDF,,Google,,youtube content,,,
316,https://youtubei.googleapis.com/youtubei/v1/browse?key=AIzaSyA8,youtubei.googleapis.com,155,supplementary information PDF,,Google,,youtube content,,,
317,https://init.gc.apple.com/WebObjects/GKInit.woa/wa/getBag?ix=2,init.gc.apple.com,79,supplementary information PDF,,Apple,beta,gamed process (likely gamecenter),,,
318,safebrowsing.googleapis.com,safebrowsing.googleapis.com,127,supplementary information PDF,,Google,,,,,
319,albert.apple.com/deviceservices/activity/,albert.apple.com,4,supplementary information PDF,,Apple,beta,,,,
320,https://ﬁrebaseinstallations.googleapis.com/v1/projects/dialer−c31d5/,ﬁrebaseinstallations.googleapis.com,45,supplementary information PDF,,Google,,,,,
321,https://play.googleapis.com/log/batchHeadersx-server-token,play.googleapis.com,111,supplementary information PDF,,Google,,google play,,,
322,gsa.apple.com,gsa.apple.com,57,supplementary information PDF,https://apple.stackexchange.com/a/240156,Apple,,Likely apple authorization,,,
323,http://software.apple.com/welcomemat.apple.com/,software.apple.com,136,supplementary information PDF,,Apple,,,,,
324,https://idiagnostics.apple.com/ios/v1.3/session,idiagnostics.apple.com,77,supplementary information PDF,,Apple,beta,diagnostics,,,
325,https://is5−ssl.mzstatic.com/image/thumb/Music/v4/73/65/0c/73650c69,is5−ssl.mzstatic.com,89,supplementary information PDF,,Apple,,likely static content,,,
326,https://www.googleapis.com/experimentsandconﬁgs/v1/,www.googleapis.com,150,supplementary information PDF,,Google,,google APIs,,,
327,googleapis.com,googleapis.com,54,supplementary information PDF,,Google,,,,,
328,http://updates−http.cdn−apple.com/2020/patches/001−55241/7C679F5A,updates−http.cdn−apple.com,144,supplementary information PDF,,Apple,,updates via CDN,,,
329,https://www.googleapis.com/androidcheck/v1/attestations/attest?alt=,www.googleapis.com,150,supplementary information PDF,,Google,,google APIs,,,
330,gsp10-ssl.apple.com,gsp10-ssl.apple.com,61,supplementary information PDF,http://gspe21.ls.apple.com/html/attribution.html,Apple,, Geod process/apple maps,,,
331,https://api−glb−dub.smoot.apple.com/crowdsourcing,api−glb−dub.smoot.apple.com,13,supplementary information PDF,https://apple.stackexchange.com/a/157495,Apple,,spotlight suggestions,,,
332,https://setup.icloud.com/setup/iosbuddy/loginDelegates,setup.icloud.com,131,supplementary information PDF,,Apple,,possibly icloud setup,,,
333,https://www.gstatic.com/android/keyboard/ondevice,www.gstatic.com,152,supplementary information PDF,,Google,,google static content,,,
334,https://conﬁguration.apple.com/conﬁgurations/pep/conﬁg/pepconﬁg.plist,conﬁguration.apple.com,37,supplementary information PDF,,Apple,,,,,
335,https://cl4.apple.com/2/m2/26/14/10/261410263769548788/cfgp.gz,cl4.apple.com,29,supplementary information PDF,,Apple,,,,,
336,https://i.ytimg.com/generate,i.ytimg.com,74,supplementary information PDF,,Google,,youtube images,,,
337,https://android.clients.google.com/fdfe/earlyUpdate,android.clients.google.com,5,supplementary information PDF,,Google,,,,,
338,https://cloudconﬁg.googleapis.com/conﬁg,cloudconﬁg.googleapis.com,36,supplementary information PDF,,Google,,,,,
339,https://is5−ssl.mzstatic.com/image/thumb/Music/v4/8c/74/30/8c743005,is5−ssl.mzstatic.com,89,supplementary information PDF,,Apple,,likely static content,,,
340,http://updates−http.cdn−apple.com/2018/ios/091−75843−20180806−,updates−http.cdn−apple.com,144,supplementary information PDF,,Apple,,updates via CDN,,,
341,http://updates−http.cdn−apple.com/2020/mobileassets/001−43954/,updates−http.cdn−apple.com,144,supplementary information PDF,,Apple,,updates via CDN,,,
343,https://iadsdk.apple.com/adserver/2.6/segment/update,iadsdk.apple.com,75,supplementary information PDF,,Apple,beta,adprivacyd process/iAd SDK,,,
344,static.gc.apple.com,static.gc.apple.com,141,supplementary information PDF,,Apple,beta,gamed process (likely gamecenter). Possibly static assers,,,
345,https://mesu.apple.com/assets/com,mesu.apple.com,95,supplementary information PDF,,Apple,,apple update server,,,
346,googleapis.com/deviceregistration,googleapis.com,54,supplementary information PDF,,Google,,,,,
347,http://updates−http.cdn−apple.com/2020FallFCS/patches/001−73650/5,updates−http.cdn−apple.com,144,supplementary information PDF,,Apple,,updates via CDN,,,
348,https://www.gstatic.com/android/snet/snet.ﬂags,www.gstatic.com,152,supplementary information PDF,,Google,,google static content,,,
349,https://identity.ess.apple.com/WebObjects/TDIdentityService.woa/wa/,identity.ess.apple.com,76,supplementary information PDF,,Apple,,,,,
350,https://api−edge.apps.apple.com/v1/editorial/ie/today?platform=iphone,api−edge.apps.apple.com,12,supplementary information PDF,,Apple,,,,,
351,www.google.com/tools/feedback/,www.google.com,148,supplementary information PDF,,Google,,google search,,,
352,https://is3−ssl.mzstatic.com/image/thumb/Features124/v4/b3/1b/ef/,is3−ssl.mzstatic.com,87,supplementary information PDF,,Apple,,likely static content,,,
353,google.com/complete/search,google.com,53,supplementary information PDF,,Google,,,,,
354,https://www.gstatic.com/cryptauthvault/v0/cert.xml,www.gstatic.com,152,supplementary information PDF,,Google,,google static content,,,
355,googleapis.com/v1/GetWiﬁQuality,googleapis.com,54,supplementary information PDF,,Google,,,,,
357,https://android−safebrowsing.google.com/safebrowsing/clientreport/,android−safebrowsing.google.com,8,supplementary information PDF,,Google,,,,,
358,https://sp.itunes.apple.com/WebObjects/MZStorePlatform.woa/wa/,sp.itunes.apple.com,137,supplementary information PDF,,Apple,,,,,
359,https://play.googleapis.com/play/log?format=raw&proto,play.googleapis.com,111,supplementary information PDF,,Google,,google play,,,
360,https://conﬁguration.apple.com/conﬁgurations/internetservices/bt/bcw,conﬁguration.apple.com,37,supplementary information PDF,,Apple,,,,,
361,https://apple.news/.well−known/apple−app−site−association,apple.news,18,supplementary information PDF,,Apple,,,,,
362,https://www.gstatic.com/android/conﬁg,www.gstatic.com,152,supplementary information PDF,,Google,,google static content,,,
363,https://cdn.smoot.apple.com/lookup,cdn.smoot.apple.com,25,supplementary information PDF,,Apple,,,,,
364,https://api−glb−dub.smoot.apple.com/silhouette,api−glb−dub.smoot.apple.com,13,supplementary information PDF,https://apple.stackexchange.com/a/157495,Apple,,spotlight suggestions,,,
365,http://updates−http.cdn−apple.com/2019/ios/061−27057−20191024−,updates−http.cdn−apple.com,144,supplementary information PDF,,Apple,,updates via CDN,,,
366,https://setup.icloud.com/conﬁgurations/init?context=settings,setup.icloud.com,131,supplementary information PDF,,Apple,,possibly icloud setup,,,
367,https://www.youtube.com/csi,www.youtube.com,153,supplementary information PDF,,Google,,,,,
368,http://updates−http.cdn−apple.com/2020FallFCS/mobileassets,updates−http.cdn−apple.com,144,supplementary information PDF,,Apple,,updates via CDN,,,
369,https://r4−−−sn−q0cedn7s.gvt1.com/play−apps−download−default/,r4−−−sn−q0cedn7s.gvt1.com,122,supplementary information PDF,https://www.bleepingcomputer.com/news/security/what-are-these-suspicious-google-gvt1com-urls/,Google,,google video transcoding,,,
370,https://instantmessaging−pa.googleapis.com/google.internal,instantmessaging−pa.googleapis.com,83,supplementary information PDF,,Google,,,,,
371,https://r1−−−sn−q0c7rn76.gvt1.com/play−apps−download−default/,r1−−−sn−q0c7rn76.gvt1.com,116,supplementary information PDF,https://www.bleepingcomputer.com/news/security/what-are-these-suspicious-google-gvt1com-urls/,Google,,google video transcoding,,,
372,https://is3−ssl.mzstatic.com/image/thumb/Purple114/v4/df/42/55/,is3−ssl.mzstatic.com,87,supplementary information PDF,,Apple,,likely static content,,,
373,smoot.apple.com/bag?cc=IE&esl=en−GB&key=frigate1738&locale=en,smoot.apple.com,133,supplementary information PDF,,Apple,,Siri and search-related stuff,,,
374,https://www.google.com/complete/search?oe=utf−8&safe=images&gcc,www.google.com,148,supplementary information PDF,,Google,,google search,,,
375,https://is2−ssl.mzstatic.com/image/thumb/Music/v4/f6/7e/55/f67e55c0−,is2−ssl.mzstatic.com,86,supplementary information PDF,,Apple,,likely static content,,,
376,https://conﬁguration.ls.apple.com/conﬁg/defaults?os=ios&os,conﬁguration.ls.apple.com,38,supplementary information PDF,,Apple,,,,,
377,https://android.clients.google.com/fdfe/delivery?doc=com.android,android.clients.google.com,5,supplementary information PDF,,Google,,,,,
378,https://api2.smoot.apple.com/search?24h=1&alwaysSendTophit=off&,api2.smoot.apple.com,14,supplementary information PDF,https://apple.stackexchange.com/a/157495,Apple,,,,,
379,identity.ess.apple.com,identity.ess.apple.com,76,supplementary information PDF,,Apple,,,,,
380,https://www.gstatic.com/webref−ondevice/am/20201129/8315,www.gstatic.com,152,supplementary information PDF,,Google,,google static content,,,
381,https://p2−buy.itunes.apple.com/WebObjects/MZFinance.woa/wa/,p2−buy.itunes.apple.com,102,supplementary information PDF,,Apple,,,,,
382,https://android.clients.google.com/fdfe/selfUpdate?ex=1&nocache,android.clients.google.com,5,supplementary information PDF,,Google,,,,,
383,youtubei.googleapis.com/youtubei/v1/log,youtubei.googleapis.com,155,supplementary information PDF,,Google,,youtube content,,,
384,https://ota−cache1.googlezip.net/packages/data/ota−api/,ota−cache1.googlezip.net,101,supplementary information PDF,,Google,,,,,
385,https://is3−ssl.mzstatic.com/image/thumb/Features114/v4/38/4d/6b/384,is3−ssl.mzstatic.com,87,supplementary information PDF,,Apple,,likely static content,,,
386,https://app−measurement.com/conﬁg/app/1%3A456627340871%3,app−measurement.com,16,supplementary information PDF,https://stackoverflow.com/questions/54461349/how-to-decrypt-firebase-requests-to-app-measurement-com/54463682#54463697,Google,beta,google firebase analytics,,,
387,https://is4−ssl.mzstatic.com/image/thumb/Music/v4/2e/99/a8/2e99a842,is4−ssl.mzstatic.com,88,supplementary information PDF,,Apple,,likely static content,,,
388,https://p2−buy.itunes.apple.com/commerce/device/,p2−buy.itunes.apple.com,102,supplementary information PDF,,Apple,,,,,
389,https://gsa.apple.com/auth/verify/trusteddevice,gsa.apple.com,57,supplementary information PDF,https://apple.stackexchange.com/a/240157,Apple,,Likely apple authorization,,,
390,youtubei.googleapis.com/youtubei/v1/account,youtubei.googleapis.com,155,supplementary information PDF,,Google,,youtube content,,,
391,smoot.apple.com,smoot.apple.com,133,supplementary information PDF,,Apple,,Siri and search-related stuff,,,
392,https://www.gstatic.com/webref−ondevice/aiai/20111701/2/en−us/,www.gstatic.com,152,supplementary information PDF,,Google,,google static content,,,
393,"https://beacons.gvt2.com/domainreliability/upload−nel”,”user",beacons.gvt2.com,23,supplementary information PDF,,Google,,,,,
394,https://iphone−ld.apple.com/lto/rtistatus4.dat,iphone−ld.apple.com,84,supplementary information PDF,,Apple,beta,phone id,,,
395,https://bag.itunes.apple.com/bag.xml?os=iOS&osVersion=13.6.1&,bag.itunes.apple.com,21,supplementary information PDF,,Apple,beta,adprivacyd process,,,
396,https://is2−ssl.mzstatic.com/image/thumb/Music30/v4/1d/6d/5c/1,is2−ssl.mzstatic.com,86,supplementary information PDF,,Apple,,likely static content,,,
397,itunes.apple.com,itunes.apple.com,90,supplementary information PDF,,Apple,,,,,
398,https://api.smoot.apple.com/bag?cc=IE&esl=en−GB&key=frigate1738&,api.smoot.apple.com,11,supplementary information PDF,https://apple.stackexchange.com/a/157495,Apple,,spotlight suggestions,,,
399,sas.apple.com,sas.apple.com,129,supplementary information PDF,,Apple,,,,,
400,https://p2−buy.itunes.apple.com/WebObjects/MZFastFinance.woa/wa/,p2−buy.itunes.apple.com,102,supplementary information PDF,,Apple,,,,,
401,gsp85-ssl.ls.apple.com,gsp85-ssl.ls.apple.com,67,supplementary information PDF,http://gspe21.ls.apple.com/html/attribution.html,Apple,, Geod process/apple maps,,,
402,init.itunes.apple.com,init.itunes.apple.com,80,supplementary information PDF,,Apple,,,,,
403,https://app−measurement.com/a,app−measurement.com,16,supplementary information PDF,https://stackoverflow.com/questions/54461349/how-to-decrypt-firebase-requests-to-app-measurement-com/54463682#54463698,Google,beta,google firebase analytics,,,
,,,,,,,,,,,
,,,,,,,,,,,
,,,,,,,,,,,
,,,,,,,,,,,
,,,,,,,,,,,
,,,,,,,,,,,
,,,,,,,,,,,
,,,,,,,,,,,
,,,,,,,,,,,
,,,,,,,,,,,
,,,,,,,,,,,
,,,,,,,,,,,
,,,,,,,,,,,
,,,,,,,,,,,
,,,,,,,,,,,
,,,,,,,,,,,
,,,,,,,,,,,
,,,,,,,,,,,
,,,,,,,,,,,
,,,,,,,,,,,
,,,,,,,,,,,
,,,,,,,,,,,
,,,,,,,,,,,
,,,,,,,,,,,
,,,,,,,,,,,
,,,,,,,,,,,
,,,,,,,,,,,
,,,,,,,,,,,
,,,,,,,,,,,
,,,,,,,,,,,
,,,,,,,,,,,
,,,,,,,,,,,
,,,,,,,,,,,
,,,,,,,,,,,
,,,,,,,,,,,
,,,,,,,,,,,
,,,,,,,,,,,
,,,,,,,,,,,
,,,,,,,,,,,
,,,,,,,,,,,
,,,,,,,,,,,
,,,,,,,,,,,
,,,,,,,,,,,
,,,,,,,,,,,
,,,,,,,,,,,
,,,,,,,,,,,
,,,,,,,,,,,
,,,,,,,,,,,
,,,,,,,,,,,
,,,,,,,,,,,
,,,,,,,,,,,
